Year,Dimension,Entropy,SpectralGap
20,14.0,0.9802473,0.016083656
21,7.0,0.97777313,0.016981902
22,2.0,0.97607696,0.019832969
23,3.0,0.97573924,0.02219761
24,9.0,0.9748669,0.014339155
25,3.0,0.9791759,0.016538704
26,2.0,0.9754415,0.02274042
